Timestamp,"1 - Você já foi vítima de algum tipo de abuso sexual por parte de um profissional da saúde, como toques ou comentários inapropriados?",2 - Como você se identifica?,4 - Quantos anos você tem?,3 - Qual a sua classe social?,5 - Com qual gênero você se identifica?,4 - Qual é a sua orientação sexual?,5 - Que tipo de abuso sexual você sofreu? (marque quantas forem necessárias),6 - Em que local ocorreu o abuso?,10 - Quantos anos você tinha quando o abuso aconteceu?,9 - Qual era a especialidade do profissional?,11 - Em qual estado aconteceu o abuso?,12 - Em qual cidade aconteceu o abuso?,15 - Você fez uma denúncia?,16 - Como foi a sua experiência no processo de Denúncia? (marque quantas forem necessárias)
3/4/2020 14:35:13,"Sim, por um profissional da saúde homem",Branca,18-25,Classe E - Renda mensal familiar até   R$ 1.254,"Mulher Cis (me identifico, em todos os aspectos, com o meu “gênero de nascença”.)",Heterossexual,Violação sexual mediante fraude (Tocar de maneira imprópria fazendo a paciente pensar que era parte do procedimento médico),Posto de saúde,2-5,,Rio Grande do Sul,Cachoeira do sul,Não,
8/28/2020 11:05:39,"Sim, por um profissional da saúde homem",Branca,36-40,Classe C - Renda mensal familiar até    R$ 8.640,"Mulher Cis (me identifico, em todos os aspectos, com o meu “gênero de nascença”.)",Heterossexual,Estupro de vulnerável (quando a vítima é menor de 14 anos ou está sob efeito de medicação),Clínica particular,2-5,Pediatra,Minas Gerais,Belo Horizonte,Não,
2/22/2020 1:25:03,"Sim, por uma profissional da saúde mulher",Branca,18-25,Classe C - Renda mensal familiar até    R$ 8.640,"Mulher Cis (me identifico, em todos os aspectos, com o meu “gênero de nascença”.)",Bissexual,Violação sexual mediante fraude (Tocar de maneira imprópria fazendo a paciente pensar que era parte do procedimento médico),Hospital público,6-10,Pediatra,Minas Gerais,Poços de Caldas,Não,
3/4/2020 16:14:33,"Sim, por um profissional da saúde homem",Branca,26-30,Classe C - Renda mensal familiar até    R$ 8.640,"Mulher Cis (me identifico, em todos os aspectos, com o meu “gênero de nascença”.)",Heterossexual,Violação sexual mediante fraude (Tocar de maneira imprópria fazendo a paciente pensar que era parte do procedimento médico),Clínica particular,11-15,Ginecologista,São Paulo,Guarulhos,Não,
5/4/2020 20:49:37,"Sim, por um profissional da saúde homem",Branca,36-40,Classe A - Renda mensal familiar acima de R$11.261,"Mulher Cis (me identifico, em todos os aspectos, com o meu “gênero de nascença”.)",Heterossexual,"Importunação sexual (Beijos forçados e toques sem permissão), Violação sexual mediante fraude (Tocar de maneira imprópria fazendo a paciente pensar que era parte do procedimento médico)",Clínica particular,11-15,"foram três: um ginecologista, um clinico geral e um ortopedista",São Paulo,São Paulo,Não,
7/25/2020 11:30:38,"Sim, por um profissional da saúde homem",Parda,36-40,Classe C - Renda mensal familiar até    R$ 8.640,"Mulher Cis (me identifico, em todos os aspectos, com o meu “gênero de nascença”.)",Heterossexual,Importunação sexual (Beijos forçados e toques sem permissão),Clínica particular,11-15,Alergologista,Pará,Belém,Não,
8/5/2020 11:16:55,"Sim, por um profissional da saúde homem",Branca,31-35,Classe A - Renda mensal familiar acima de R$11.261,"Mulher Cis (me identifico, em todos os aspectos, com o meu “gênero de nascença”.)",Heterossexual,"Violação sexual mediante fraude (Tocar de maneira imprópria fazendo a paciente pensar que era parte do procedimento médico), Estupro de vulnerável (quando a vítima é menor de 14 anos ou está sob efeito de medicação)",Clínica particular,11-15,Ginecologista,Rio Grande do Sul,Ijuí,Não,
9/21/2020 10:45:19,"Sim, por um profissional da saúde homem",Branca,31-35,Classe C - Renda mensal familiar até    R$ 8.640,"Mulher Cis (me identifico, em todos os aspectos, com o meu “gênero de nascença”.)",Heterossexual,"Importunação sexual (Beijos forçados e toques sem permissão), Violação sexual mediante fraude (Tocar de maneira imprópria fazendo a paciente pensar que era parte do procedimento médico)",Clínica particular,11-15,Pediatra,São Paulo,São José dos Campos,Não,
12/15/2019 19:40:18,"Sim, por um profissional da saúde homem",Parda,18-25,Classe D - Renda mensal familiar até   R$ 2.004,"Mulher Cis (me identifico, em todos os aspectos, com o meu “gênero de nascença”.)",Bissexual,Violação sexual mediante fraude (Tocar de maneira imprópria fazendo a paciente pensar que era parte do procedimento médico),Clínica particular,11-15,Ginecologista ,Bahia,Feira de Santana,Não,
12/15/2019 19:40:30,"Sim, por um profissional da saúde homem",Parda,18-25,Classe D - Renda mensal familiar até   R$ 2.004,"Mulher Cis (me identifico, em todos os aspectos, com o meu “gênero de nascença”.)",Bissexual,Violação sexual mediante fraude (Tocar de maneira imprópria fazendo a paciente pensar que era parte do procedimento médico),Clínica particular,11-15,Ginecologista ,Bahia,Feira de Santana,Não,
12/15/2019 19:57:32,"Sim, por um profissional da saúde homem",Branca,26-30,Classe C - Renda mensal familiar até    R$ 8.640,"Mulher Cis (me identifico, em todos os aspectos, com o meu “gênero de nascença”.)",Heterossexual,"Violação sexual mediante fraude (Tocar de maneira imprópria fazendo a paciente pensar que era parte do procedimento médico), Injúria (Cantadas e palavras ofensivas)",Clínica particular,11-15,Ambos gastro.,São Paulo,Batatais,Não,
12/16/2019 14:26:39,"Sim, por um profissional da saúde homem",Branca,31-35,Classe C - Renda mensal familiar até    R$ 8.640,"Mulher Cis (me identifico, em todos os aspectos, com o meu “gênero de nascença”.)",Lésbica,"Importunação sexual (Beijos forçados e toques sem permissão), Violação sexual mediante fraude (Tocar de maneira imprópria fazendo a paciente pensar que era parte do procedimento médico), Injúria (Cantadas e palavras ofensivas), Estupro (Ato sexual utilizando de violência ou grave ameaça), Estupro de vulnerável (quando a vítima é menor de 14 anos ou esta sob efeito de medicação)",Clínica particular,11-15,Dentista.,Rio de Janeiro,Niteroi.,Não,
12/17/2019 5:06:21,"Sim, por um profissional da saúde homem",Branca,36-40,Classe A - Renda mensal familiar acima de R$11.261,"Mulher Cis (me identifico, em todos os aspectos, com o meu “gênero de nascença”.)",Heterossexual,Violação sexual mediante fraude (Tocar de maneira imprópria fazendo a paciente pensar que era parte do procedimento médico),Hospital particular,11-15,Dentista e ginecologista ,Goiás,Goiânia ,Não,
12/17/2019 13:53:28,"Sim, por um profissional da saúde homem",Branca,18-25,Classe C - Renda mensal familiar até    R$ 8.640,"Mulher Cis (me identifico, em todos os aspectos, com o meu “gênero de nascença”.)",Heterossexual,Violação sexual mediante fraude (Tocar de maneira imprópria fazendo a paciente pensar que era parte do procedimento médico),Clínica particular,11-15,Dermatologista,São Paulo,Suzano,Não,
12/20/2019 5:15:28,"Sim, por um profissional da saúde homem",Branca,18-25,Classe E - Renda mensal familiar até   R$ 1.254,"Mulher Cis (me identifico, em todos os aspectos, com o meu “gênero de nascença”.)",Pansexual,Violação sexual mediante fraude (Tocar de maneira imprópria fazendo a paciente pensar que era parte do procedimento médico),Hospital público,11-15,Cardiologista ,Rio de Janeiro,Itaboraí ,Não,
12/20/2019 14:02:43,"Sim, por um profissional da saúde homem",Branca,31-35,Classe D - Renda mensal familiar até   R$ 2.004,"Mulher Cis (me identifico, em todos os aspectos, com o meu “gênero de nascença”.)",Lésbica,Violação sexual mediante fraude (Tocar de maneira imprópria fazendo a paciente pensar que era parte do procedimento médico),Hospital particular,11-15,Clínico Geral,Minas Gerais,Belo Horizonte,Não,
12/21/2019 14:51:51,"Sim, por um profissional da saúde homem",Negra,18-25,Classe C - Renda mensal familiar até    R$ 8.640,Não Binário,"Assexual, birromantico",Violação sexual mediante fraude (Tocar de maneira imprópria fazendo a paciente pensar que era parte do procedimento médico),Hospital público,11-15,Pediatra,Tocantins,Porto Nacional,Não,
1/6/2020 11:14:57,"Sim, por um profissional da saúde homem",Parda,31-35,Classe C - Renda mensal familiar até    R$ 8.640,"Mulher Cis (me identifico, em todos os aspectos, com o meu “gênero de nascença”.)",Heterossexual,Violação sexual mediante fraude (Tocar de maneira imprópria fazendo a paciente pensar que era parte do procedimento médico),Hospital particular,11-15,Cardiologista,São Paulo,São Paulo,Não,
1/8/2020 8:24:11,"Sim, por um profissional da saúde homem",Branca,18-25,Classe D - Renda mensal familiar até   R$ 2.004,"Mulher Cis (me identifico, em todos os aspectos, com o meu “gênero de nascença”.)",Bissexual,"Importunação sexual (Beijos forçados e toques sem permissão), Violação sexual mediante fraude (Tocar de maneira imprópria fazendo a paciente pensar que era parte do procedimento médico)",Clínica particular,11-15,Dentista,Rio Grande do Sul,Uruguaiana ,Não,
1/20/2020 19:22:13,"Sim, por um profissional da saúde homem",Branca,18-25,Classe A - Renda mensal familiar acima de R$11.261,"Mulher Cis (me identifico, em todos os aspectos, com o meu “gênero de nascença”.)",Heterossexual,"Importunação sexual (Beijos forçados e toques sem permissão), Violação sexual mediante fraude (Tocar de maneira imprópria fazendo a paciente pensar que era parte do procedimento médico)",Hospital particular,11-15,Clínico Geral,Minas Gerais,Belo Horizonte,Não,
1/20/2020 22:36:24,"Sim, por um profissional da saúde homem",Branca,26-30,Classe C - Renda mensal familiar até    R$ 8.640,"Mulher Cis (me identifico, em todos os aspectos, com o meu “gênero de nascença”.)",Heterossexual,"Importunação sexual (Beijos forçados e toques sem permissão), Violação sexual mediante fraude (Tocar de maneira imprópria fazendo a paciente pensar que era parte do procedimento médico)",Clínica particular,11-15,Fisioterapeuta ,São Paulo,Ribeirão Preto ,Não,
1/21/2020 10:48:00,"Sim, por um profissional da saúde homem",Branca,18-25,Classe C - Renda mensal familiar até    R$ 8.640,Não Binário,Polisexual,"Violação sexual mediante fraude (Tocar de maneira imprópria fazendo a paciente pensar que era parte do procedimento médico), Injúria (Cantadas e palavras ofensivas)",Hospital particular,11-15,Ginecologista,São Paulo,Jundiaí,Não,
1/24/2020 12:33:33,"Sim, por um profissional da saúde homem",Branca,26-30,Classe C - Renda mensal familiar até    R$ 8.640,"Mulher Cis (me identifico, em todos os aspectos, com o meu “gênero de nascença”.)",Heterossexual,Violação sexual mediante fraude (Tocar de maneira imprópria fazendo a paciente pensar que era parte do procedimento médico),Clínica particular,11-15,Cardiologista,Bahia,Santo Antonio de Jesus,Não,
1/24/2020 12:35:00,"Sim, por um profissional da saúde homem",Parda,26-30,Classe C - Renda mensal familiar até    R$ 8.640,"Mulher Cis (me identifico, em todos os aspectos, com o meu “gênero de nascença”.)",Heterossexual,Violação sexual mediante fraude (Tocar de maneira imprópria fazendo a paciente pensar que era parte do procedimento médico),Posto de saúde,11-15,Ginecologista ,Minas Gerais,Montes claros ,Não,
1/26/2020 19:30:49,"Sim, por um profissional da saúde homem",Branca,41-45,Classe C - Renda mensal familiar até    R$ 8.640,"Mulher Cis (me identifico, em todos os aspectos, com o meu “gênero de nascença”.)",Heterossexual,"Importunação sexual (Beijos forçados e toques sem permissão), Violação sexual mediante fraude (Tocar de maneira imprópria fazendo a paciente pensar que era parte do procedimento médico)",Clínica particular,11-15,pediatra,São Paulo,mairiporã,Não,
12/15/2019 21:18:43,"Sim, por uma profissional da saúde mulher",Parda,18-25,Classe C - Renda mensal familiar até    R$ 8.640,"Mulher Cis (me identifico, em todos os aspectos, com o meu “gênero de nascença”.)",Heterossexual,Injúria (Cantadas e palavras ofensivas),Clínica particular,11-15,Ginecologista,Alagoas,Maceió,Não,
12/17/2019 17:19:19,"Sim, por uma profissional da saúde mulher",Parda,18-25,Classe E - Renda mensal familiar até   R$ 1.254,"Mulher Cis (me identifico, em todos os aspectos, com o meu “gênero de nascença”.)",Prefiro não responder,Injúria (Cantadas e palavras ofensivas),Clínica particular,11-15,Ginecologista ,Bahia,Salvador na Bahia ,Não,
10/20/2020 17:00:33,"Sim, por um profissional da saúde homem",Branca,Sou menor de idade,Classe D - Renda mensal familiar até   R$ 2.004,"Mulher Cis (me identifico, em todos os aspectos, com o meu “gênero de nascença”.)",Heterossexual,"Importunação sexual (Beijos forçados e toques sem permissão), Violação sexual mediante fraude (Tocar de maneira imprópria fazendo a paciente pensar que era parte do procedimento médico), Injúria (Cantadas e palavras ofensivas)",Hospital público,15-17,Enfermeiro,Santa Catarina,Mafra,Sim,Prefiro não falar sobre o assunto
1/2/2021 9:54:41,"Sim, por um profissional da saúde homem",Branca,31-35,Classe C - Renda mensal familiar até    R$ 8.640,Não-Binárie,Lésbica,"Violação sexual mediante fraude (Tocar de maneira imprópria fazendo a paciente pensar que era parte do procedimento médico), Injúria (Cantadas e palavras ofensivas)",Clínica particular,15-17,ginecologista,São Paulo,são paulo,Não,
2/17/2020 17:07:18,"Sim, por um profissional da saúde homem",Negra,18-25,Classe E - Renda mensal familiar até   R$ 1.254,"Mulher Cis (me identifico, em todos os aspectos, com o meu “gênero de nascença”.)",Heterossexual,Violação sexual mediante fraude (Tocar de maneira imprópria fazendo a paciente pensar que era parte do procedimento médico),Posto de saúde,16-20,Geral,São Paulo,São Carlos,Não,
2/17/2020 19:55:21,"Sim, por um profissional da saúde homem",Negra,26-30,Classe D - Renda mensal familiar até   R$ 2.004,"Mulher Cis (me identifico, em todos os aspectos, com o meu “gênero de nascença”.)",Heterossexual,Importunação sexual (Beijos forçados e toques sem permissão),Hospital público,16-20,Médico,Minas Gerais,Itaobim,Não,
2/18/2020 8:01:27,"Sim, por um profissional da saúde homem",Branca,31-35,Classe C - Renda mensal familiar até    R$ 8.640,"Mulher Cis (me identifico, em todos os aspectos, com o meu “gênero de nascença”.)",Heterossexual,Violação sexual mediante fraude (Tocar de maneira imprópria fazendo a paciente pensar que era parte do procedimento médico),Clínica particular,16-20,Angiologista,Rio de Janeiro,Rio de Janeiro,Não,
2/18/2020 14:02:13,"Sim, por um profissional da saúde homem",Branca,31-35,Classe C - Renda mensal familiar até    R$ 8.640,"Mulher Cis (me identifico, em todos os aspectos, com o meu “gênero de nascença”.)",Heterossexual,Violação sexual mediante fraude (Tocar de maneira imprópria fazendo a paciente pensar que era parte do procedimento médico),Clínica particular,16-20,Dermatologista,São Paulo,Bauru,Não,
2/18/2020 18:44:02,"Sim, por um profissional da saúde homem",Branca,18-25,Classe E - Renda mensal familiar até   R$ 1.254,"Mulher Cis (me identifico, em todos os aspectos, com o meu “gênero de nascença”.)",Bissexual,Violação sexual mediante fraude (Tocar de maneira imprópria fazendo a paciente pensar que era parte do procedimento médico),Clínica particular,16-20,Médico cirurgião,Rio Grande do Sul,Pelotas,Não,
2/18/2020 22:59:48,"Sim, por um profissional da saúde homem",Parda,18-25,Classe E - Renda mensal familiar até   R$ 1.254,"Mulher Cis (me identifico, em todos os aspectos, com o meu “gênero de nascença”.)",Heterossexual,"Violação sexual mediante fraude (Tocar de maneira imprópria fazendo a paciente pensar que era parte do procedimento médico), Injúria (Cantadas e palavras ofensivas)",Posto de saúde,16-20,Ginecologista,Rio Grande do Sul,Tapes,Não,
2/18/2020 23:00:50,"Sim, por um profissional da saúde homem",Amarela,18-25,Classe B - Renda mensal familiar até   R$ 11.261,"Mulher Cis (me identifico, em todos os aspectos, com o meu “gênero de nascença”.)",Heterossexual,Violação sexual mediante fraude (Tocar de maneira imprópria fazendo a paciente pensar que era parte do procedimento médico),Clínica particular,16-20,Ginecologista,Santa Catarina,Florianopolis,Não,
2/29/2020 20:12:06,"Sim, por um profissional da saúde homem",Branca,26-30,Classe B - Renda mensal familiar até   R$ 11.261,"Mulher Cis (me identifico, em todos os aspectos, com o meu “gênero de nascença”.)",Bissexual,,Clínica particular,16-20,Ginecologista,Minas Gerais,BH,Não,
3/6/2020 19:54:20,"Sim, por um profissional da saúde homem",Negra,18-25,Classe E - Renda mensal familiar até   R$ 1.254,"Mulher Cis (me identifico, em todos os aspectos, com o meu “gênero de nascença”.)",Heterossexual,Violação sexual mediante fraude (Tocar de maneira imprópria fazendo a paciente pensar que era parte do procedimento médico),Hospital particular,16-20,Ortopedista,Pernambuco,Recife,Não,
6/20/2020 14:03:03,"Sim, por um profissional da saúde homem",Branca,18-25,Classe C - Renda mensal familiar até    R$ 8.640,"Mulher Cis (me identifico, em todos os aspectos, com o meu “gênero de nascença”.)",Heterossexual,Importunação sexual (Beijos forçados e toques sem permissão),Clínica particular,16-20,Gastro/cirugia geral,Pernambuco,Recife,Não,
7/4/2020 12:37:49,"Sim, por um profissional da saúde homem",Branca,18-25,Classe D - Renda mensal familiar até   R$ 2.004,"Mulher Cis (me identifico, em todos os aspectos, com o meu “gênero de nascença”.)",Bissexual,Violação sexual mediante fraude (Tocar de maneira imprópria fazendo a paciente pensar que era parte do procedimento médico),Clínica particular,16-20,Terapeuta Holístico,Minas Gerais,Cataguases,Sim,Não senti que o meu caso teve a devida atenção
7/16/2020 21:25:36,"Sim, por um profissional da saúde homem",Negra,36-40,Classe D - Renda mensal familiar até   R$ 2.004,"Homem Cis (me identifico, em todos os aspectos, com o meu “gênero de nascença”.)",Heterossexual,"Injúria (Cantadas e palavras ofensivas), Estupro de vulnerável (quando a vítima é menor de 14 anos ou está sob efeito de medicação)",Clínica particular,16-20,Neurologista Pediátrico,São Paulo,São PauloEle,Sim,"Não senti que o meu caso teve a devida atenção, Achei o processo e a espera muito longos, Os profissionais de atendimento descredibilizaram o meu relato, Encontrei resistência por parte dos profissionais de atendimento para registrar a minha denúncia, Senti que os profissionais que me atenderam não tinham preparo técnico  para lidar com o meu caso"
8/11/2020 18:37:49,"Sim, por um profissional da saúde homem",Branca,26-30,Classe A - Renda mensal familiar acima de R$11.261,"Mulher Cis (me identifico, em todos os aspectos, com o meu “gênero de nascença”.)",Bissexual,Injúria (Cantadas e palavras ofensivas),Hospital particular,16-20,Enfermeiro,Rio de Janeiro,Niterói,Não,
8/17/2020 9:32:34,"Sim, por um profissional da saúde homem",Negra,31-35,Classe E - Renda mensal familiar até   R$ 1.254,"Mulher Cis (me identifico, em todos os aspectos, com o meu “gênero de nascença”.)",Heterossexual,"Importunação sexual (Beijos forçados e toques sem permissão), Injúria (Cantadas e palavras ofensivas)",Clínica particular,16-20,Oftalmologista,Paraíba,João Pessoa,Sim,Nunca falei com ninguém
12/16/2019 0:04:39,"Sim, por um profissional da saúde homem",Parda,18-25,Classe C - Renda mensal familiar até    R$ 8.640,"Mulher Cis (me identifico, em todos os aspectos, com o meu “gênero de nascença”.)",Heterossexual,Injúria (Cantadas e palavras ofensivas),Clínica particular,16-20,Ginecologista ,São Paulo,Diadema,Não,
12/16/2019 8:18:18,"Sim, por um profissional da saúde homem",Negra,41-45,Classe D - Renda mensal familiar até   R$ 2.004,"Mulher Cis (me identifico, em todos os aspectos, com o meu “gênero de nascença”.)",Heterossexual,Violação sexual mediante fraude (Tocar de maneira imprópria fazendo a paciente pensar que era parte do procedimento médico),Posto de saúde,16-20,Ginecologista,São Paulo,Cubatão,Não,
12/16/2019 11:39:19,"Sim, por um profissional da saúde homem",Branca,41-45,Classe C - Renda mensal familiar até    R$ 8.640,"Mulher Cis (me identifico, em todos os aspectos, com o meu “gênero de nascença”.)",Bissexual,"Importunação sexual (Beijos forçados e toques sem permissão), Injúria (Cantadas e palavras ofensivas)",Clínica particular,16-20,Dermatologia,Paraná,Curitiba,Não,
12/16/2019 17:19:31,"Sim, por um profissional da saúde homem",Branca,18-25,Classe C - Renda mensal familiar até    R$ 8.640,"Mulher Cis (me identifico, em todos os aspectos, com o meu “gênero de nascença”.)",Heterossexual,"Violação sexual mediante fraude (Tocar de maneira imprópria fazendo a paciente pensar que era parte do procedimento médico), Injúria (Cantadas e palavras ofensivas)",Hospital particular,16-20,Clinico geral ,São Paulo,Guarulhos ,Não,
12/16/2019 21:18:55,"Sim, por um profissional da saúde homem",Branca,31-35,Classe C - Renda mensal familiar até    R$ 8.640,"Mulher Cis (me identifico, em todos os aspectos, com o meu “gênero de nascença”.)",Heterossexual,Violação sexual mediante fraude (Tocar de maneira imprópria fazendo a paciente pensar que era parte do procedimento médico),Consultório de sede de plano de saúde,16-20,Ortopedia e Traumatologia,Ceará,Fortaleza,Não,
12/16/2019 21:42:48,"Sim, por um profissional da saúde homem",Branca,18-25,Classe D - Renda mensal familiar até   R$ 2.004,"Mulher Cis (me identifico, em todos os aspectos, com o meu “gênero de nascença”.)",Heterossexual,Injúria (Cantadas e palavras ofensivas),Hospital particular,16-20,Ortopedista,Minas Gerais,Belo Horizonte,Não,
12/17/2019 13:20:24,"Sim, por um profissional da saúde homem",Parda,26-30,Classe C - Renda mensal familiar até    R$ 8.640,"Mulher Cis (me identifico, em todos os aspectos, com o meu “gênero de nascença”.)",Prefiro não responder,"Violação sexual mediante fraude (Tocar de maneira imprópria fazendo a paciente pensar que era parte do procedimento médico), Injúria (Cantadas e palavras ofensivas)",Clínica particular,16-20,Ginecologia e Obstetrícia (RQE: 7537),Paraná,Maringá,Não,
12/17/2019 15:45:02,"Sim, por um profissional da saúde homem",Branca,26-30,Classe A - Renda mensal familiar acima de R$11.261,"Mulher Cis (me identifico, em todos os aspectos, com o meu “gênero de nascença”.)",Heterossexual,Importunação sexual (Beijos forçados e toques sem permissão),Clínica particular,16-20,Otorrinonaringologia,Minas Gerais,Ubá,Não,
12/17/2019 16:11:46,"Sim, por um profissional da saúde homem",Parda,36-40,Classe C - Renda mensal familiar até    R$ 8.640,"Mulher Cis (me identifico, em todos os aspectos, com o meu “gênero de nascença”.)",Heterossexual,Importunação sexual (Beijos forçados e toques sem permissão),Clínica particular,16-20,Ginecologista ,Pernambuco,Recife ,Não,
12/17/2019 18:50:57,"Sim, por um profissional da saúde homem",Parda,18-25,Classe C - Renda mensal familiar até    R$ 8.640,"Mulher Cis (me identifico, em todos os aspectos, com o meu “gênero de nascença”.)",Heterossexual,Violação sexual mediante fraude (Tocar de maneira imprópria fazendo a paciente pensar que era parte do procedimento médico),Posto de saúde,16-20,Ginecologista,Minas Gerais,Montes claros ,Não,
12/17/2019 20:05:58,"Sim, por um profissional da saúde homem",Branca,Sou menor de idade,Classe C - Renda mensal familiar até    R$ 8.640,"Mulher Cis (me identifico, em todos os aspectos, com o meu “gênero de nascença”.)",Heterossexual,Violação sexual mediante fraude (Tocar de maneira imprópria fazendo a paciente pensar que era parte do procedimento médico),Posto de saúde,16-20,,Paraná,Curitiba,Não,
12/17/2019 20:28:54,"Sim, por um profissional da saúde homem",Branca,18-25,Classe D - Renda mensal familiar até   R$ 2.004,"Mulher Cis (me identifico, em todos os aspectos, com o meu “gênero de nascença”.)",Heterossexual,Injúria (Cantadas e palavras ofensivas),Clínica particular,16-20,Urologista,São Paulo,São José dos Campos,Não,
12/17/2019 22:31:15,"Sim, por um profissional da saúde homem",Branca,26-30,Classe C - Renda mensal familiar até    R$ 8.640,"Mulher Cis (me identifico, em todos os aspectos, com o meu “gênero de nascença”.)",Bissexual,Violação sexual mediante fraude (Tocar de maneira imprópria fazendo a paciente pensar que era parte do procedimento médico),Clínica particular,16-20,Pediatra,Paraná,Umuarama,Sim,Prefiro não falar sobre o assunto
12/18/2019 0:20:50,"Sim, por um profissional da saúde homem",Parda,18-25,Classe C - Renda mensal familiar até    R$ 8.640,"Mulher Cis (me identifico, em todos os aspectos, com o meu “gênero de nascença”.)",Bissexual,"Importunação sexual (Beijos forçados e toques sem permissão), Violação sexual mediante fraude (Tocar de maneira imprópria fazendo a paciente pensar que era parte do procedimento médico)",Clínica particular,16-20,Estudante,São Paulo,São José dos Campos,Não,
12/20/2019 12:28:24,"Sim, por um profissional da saúde homem",Parda,41-45,Classe A - Renda mensal familiar acima de R$11.261,"Mulher Cis (me identifico, em todos os aspectos, com o meu “gênero de nascença”.)",Heterossexual,Violação sexual mediante fraude (Tocar de maneira imprópria fazendo a paciente pensar que era parte do procedimento médico),Posto de saúde,16-20,Ginecologista,Minas Gerais,Belo Horizonte,Não,
12/21/2019 0:13:47,"Sim, por um profissional da saúde homem",Parda,18-25,Classe B - Renda mensal familiar até   R$ 11.261,"Mulher Cis (me identifico, em todos os aspectos, com o meu “gênero de nascença”.)",Heterossexual,"Importunação sexual (Beijos forçados e toques sem permissão), Violação sexual mediante fraude (Tocar de maneira imprópria fazendo a paciente pensar que era parte do procedimento médico)",Clínica particular,16-20,Clinico Geral/ Ginecologista,São Paulo,Guarulhos ,Não,
12/28/2019 20:50:14,"Sim, por um profissional da saúde homem",Branca,26-30,Classe C - Renda mensal familiar até    R$ 8.640,"Mulher Cis (me identifico, em todos os aspectos, com o meu “gênero de nascença”.)",Heterossexual,"Importunação sexual (Beijos forçados e toques sem permissão), Violação sexual mediante fraude (Tocar de maneira imprópria fazendo a paciente pensar que era parte do procedimento médico)",Hospital particular,16-20,ginecologista,Minas Gerais,Belo horizonte,Não,
1/6/2020 9:02:20,"Sim, por um profissional da saúde homem",Branca,31-35,Classe C - Renda mensal familiar até    R$ 8.640,"Mulher Cis (me identifico, em todos os aspectos, com o meu “gênero de nascença”.)",Heterossexual,Violação sexual mediante fraude (Tocar de maneira imprópria fazendo a paciente pensar que era parte do procedimento médico),Clínica particular,16-20,Ginecologista,São Paulo,Sao Paulo,Não,
1/6/2020 11:29:02,"Sim, por um profissional da saúde homem",Parda,31-35,Classe C - Renda mensal familiar até    R$ 8.640,"Mulher Cis (me identifico, em todos os aspectos, com o meu “gênero de nascença”.)",Heterossexual,"Violação sexual mediante fraude (Tocar de maneira imprópria fazendo a paciente pensar que era parte do procedimento médico), Injúria (Cantadas e palavras ofensivas)",Hospital particular,16-20,Clinico Geral - Pronto Socorro,São Paulo,São Paulo,Não,
1/7/2020 16:58:26,"Sim, por um profissional da saúde homem",Branca,36-40,Classe C - Renda mensal familiar até    R$ 8.640,"Mulher Cis (me identifico, em todos os aspectos, com o meu “gênero de nascença”.)",Heterossexual,Violação sexual mediante fraude (Tocar de maneira imprópria fazendo a paciente pensar que era parte do procedimento médico),Hospital e clínica particular,16-20,"Enfermeiro, Clínico geral e GO (foram 3x)",São Paulo,São Paulo,Não,
1/7/2020 18:41:26,"Sim, por um profissional da saúde homem",Branca,36-40,Classe C - Renda mensal familiar até    R$ 8.640,"Mulher Cis (me identifico, em todos os aspectos, com o meu “gênero de nascença”.)",Heterossexual,Violação sexual mediante fraude (Tocar de maneira imprópria fazendo a paciente pensar que era parte do procedimento médico),Clínica particular também,16-20,"Foram três situações: Clínico geral, enfermeiro e GO",São Paulo,São Paulo,Não,
1/10/2020 16:37:21,"Sim, por um profissional da saúde homem",Parda,26-30,Classe D - Renda mensal familiar até   R$ 2.004,"Mulher Cis (me identifico, em todos os aspectos, com o meu “gênero de nascença”.)",Heterossexual,Injúria (Cantadas e palavras ofensivas),Posto de saúde,16-20,Clínico geral ,Ceará,Fortaleza ,Não,
1/20/2020 17:46:33,"Sim, por um profissional da saúde homem",Parda,18-25,Classe E - Renda mensal familiar até   R$ 1.254,"Mulher Cis (me identifico, em todos os aspectos, com o meu “gênero de nascença”.)",Heterossexual,Injúria (Cantadas e palavras ofensivas),Hospital público,16-20,Ginecologista ,Pernambuco,Surubim ,Não,
1/20/2020 20:52:46,"Sim, por um profissional da saúde homem",Branca,26-30,Classe C - Renda mensal familiar até    R$ 8.640,"Mulher Cis (me identifico, em todos os aspectos, com o meu “gênero de nascença”.)",Heterossexual,"Violação sexual mediante fraude (Tocar de maneira imprópria fazendo a paciente pensar que era parte do procedimento médico), Injúria (Cantadas e palavras ofensivas)",Consultorio Dentista,16-20,Dentista,São Paulo,São Caetano do Sul,Não,
1/20/2020 21:42:36,"Sim, por um profissional da saúde homem",Branca,18-25,Classe C - Renda mensal familiar até    R$ 8.640,"Mulher Cis (me identifico, em todos os aspectos, com o meu “gênero de nascença”.)",Bissexual,Injúria (Cantadas e palavras ofensivas),Doação de Sangue em Hospital Público - HEMORIO ,16-20,"Médico, acredito eu que clínico geral",Rio de Janeiro,Rio de Janeiro,Não,
1/21/2020 7:32:58,"Sim, por um profissional da saúde homem",Branca,26-30,Classe C - Renda mensal familiar até    R$ 8.640,"Mulher Cis (me identifico, em todos os aspectos, com o meu “gênero de nascença”.)",Heterossexual,Violação sexual mediante fraude (Tocar de maneira imprópria fazendo a paciente pensar que era parte do procedimento médico),Hospital público,16-20,Ginecologista ,Minas Gerais,Coronel Fabriciano ,Não,
1/21/2020 17:02:01,"Sim, por um profissional da saúde homem",Branca,31-35,Classe D - Renda mensal familiar até   R$ 2.004,"Mulher Cis (me identifico, em todos os aspectos, com o meu “gênero de nascença”.)",Bissexual,Violação sexual mediante fraude (Tocar de maneira imprópria fazendo a paciente pensar que era parte do procedimento médico),Clínica particular,16-20,Endocrinologista ,Rio Grande do Sul,Porto Alegre ,Não,
1/31/2020 19:55:08,"Sim, por um profissional da saúde homem",Parda,31-35,Classe C - Renda mensal familiar até    R$ 8.640,"Mulher Cis (me identifico, em todos os aspectos, com o meu “gênero de nascença”.)",Bissexual,Injúria (Cantadas e palavras ofensivas),Hospital particular,16-20,Cardiologia,Amapá,Macapá,Não,
2/5/2020 14:44:39,"Sim, por um profissional da saúde homem",Branca,36-40,Classe A - Renda mensal familiar acima de R$11.261,"Mulher Cis (me identifico, em todos os aspectos, com o meu “gênero de nascença”.)",Heterossexual,Violação sexual mediante fraude (Tocar de maneira imprópria fazendo a paciente pensar que era parte do procedimento médico),Clínica particular,16-20,Ginecologista,São Paulo,São Paulo,Não,
1/13/2020 14:20:50,"Sim, por uma profissional da saúde mulher",Branca,36-40,Classe A - Renda mensal familiar acima de R$11.261,"Mulher Cis (me identifico, em todos os aspectos, com o meu “gênero de nascença”.)",Bissexual,,Clínica particular,16-20,ginecologista,Distrito Federal,Brasília,Não,
1/13/2020 14:50:41,"Sim, por uma profissional da saúde mulher",Branca,18-25,Classe B - Renda mensal familiar até   R$ 11.261,"Mulher Cis (me identifico, em todos os aspectos, com o meu “gênero de nascença”.)",Heterossexual,Injúria (Cantadas e palavras ofensivas),Clínica particular,16-20,Ginecologista,São Paulo,São Carlos,Não,
1/21/2020 2:05:15,"Sim, por uma profissional da saúde mulher",Branca,31-35,Classe D - Renda mensal familiar até   R$ 2.004,"Mulher Cis (me identifico, em todos os aspectos, com o meu “gênero de nascença”.)",Bissexual,Injúria (Cantadas e palavras ofensivas),Hospital público,16-20,Enfermeira chefe,Rio de Janeiro,Nova Friburgo RJ,Não,
1/22/2020 14:04:52,"Sim, por uma profissional da saúde mulher",Parda,18-25,Classe D - Renda mensal familiar até   R$ 2.004,"Mulher Cis (me identifico, em todos os aspectos, com o meu “gênero de nascença”.)",Heterossexual,,Clínica particular,16-20,Ginecologia,Bahia,Salvador,Não,
1/24/2020 11:33:50,"Sim, por uma profissional da saúde mulher",Parda,18-25,Classe C - Renda mensal familiar até    R$ 8.640,"Mulher Cis (me identifico, em todos os aspectos, com o meu “gênero de nascença”.)",Bissexual,"Violação sexual mediante fraude (Tocar de maneira imprópria fazendo a paciente pensar que era parte do procedimento médico), Injúria (Cantadas e palavras ofensivas)",Clínica particular,16-20,Ginecologista,Pernambuco,Caruaru,Não,
9/30/2020 15:51:47,"Sim, por um profissional da saúde homem",Branca,18-25,Classe C - Renda mensal familiar até    R$ 8.640,"Homem Cis (me identifico, em todos os aspectos, com o meu “gênero de nascença”.)",Heterossexual,Violação sexual mediante fraude (Tocar de maneira imprópria fazendo a paciente pensar que era parte do procedimento médico),Clínica particular,18-30,Clínico Geral,Santa Catarina,Florianópolis,Não,
10/7/2020 16:58:59,"Sim, por um profissional da saúde homem",Branca,26-30,Classe A - Renda mensal familiar acima de R$11.261,"Mulher Cis (me identifico, em todos os aspectos, com o meu “gênero de nascença”.)",Heterossexual,Violação sexual mediante fraude (Tocar de maneira imprópria fazendo a paciente pensar que era parte do procedimento médico),Clínica particular,18-30,nutrologo,São Paulo,são paulo,Sim,Prefiro não falar sobre o assunto
11/10/2020 22:25:43,"Sim, por um profissional da saúde homem",Branca,31-35,Classe A - Renda mensal familiar acima de R$11.261,"Mulher Cis (me identifico, em todos os aspectos, com o meu “gênero de nascença”.)",Heterossexual,Violação sexual mediante fraude (Tocar de maneira imprópria fazendo a paciente pensar que era parte do procedimento médico),Hospital público,18-30,Clínico Geral,São Paulo,São Paulo,Não,
12/14/2020 18:19:36,"Sim, por um profissional da saúde homem",Parda,26-30,Classe C - Renda mensal familiar até    R$ 8.640,"Mulher Cis (me identifico, em todos os aspectos, com o meu “gênero de nascença”.)",Heterossexual,Violação sexual mediante fraude (Tocar de maneira imprópria fazendo a paciente pensar que era parte do procedimento médico),Clínica particular,18-30,Dermatologista,Distrito Federal,Exterior - Quito - Equador,Não,
2/13/2020 10:07:24,"Sim, por um profissional da saúde homem",Branca,18-25,Classe D - Renda mensal familiar até   R$ 2.004,"Mulher Cis (me identifico, em todos os aspectos, com o meu “gênero de nascença”.)",Bissexual,Violação sexual mediante fraude (Tocar de maneira imprópria fazendo a paciente pensar que era parte do procedimento médico),Hospital público,20-30,Endocrinologia,São Paulo,Piracicaba,,
2/17/2020 17:22:23,"Sim, por um profissional da saúde homem",Branca,31-35,Classe A - Renda mensal familiar acima de R$11.261,"Mulher Cis (me identifico, em todos os aspectos, com o meu “gênero de nascença”.)",Heterossexual,Violação sexual mediante fraude (Tocar de maneira imprópria fazendo a paciente pensar que era parte do procedimento médico),Clínica particular,20-30,Cirurgiao Plastico,Piauí,Curitiba,Sim,Os profissionais de atendimento descredibilizaram o meu relato
2/18/2020 13:45:13,"Sim, por um profissional da saúde homem",Branca,26-30,Classe E - Renda mensal familiar até   R$ 1.254,"Mulher Cis (me identifico, em todos os aspectos, com o meu “gênero de nascença”.)",Bissexual,"Importunação sexual (Beijos forçados e toques sem permissão), Violação sexual mediante fraude (Tocar de maneira imprópria fazendo a paciente pensar que era parte do procedimento médico), Injúria (Cantadas e palavras ofensivas)",Clínica particular,20-30,Clínico geral / gastroenterologista,Goiás,Ceres,Não,
2/18/2020 20:18:47,"Sim, por um profissional da saúde homem",Branca,31-35,Classe E - Renda mensal familiar até   R$ 1.254,"Mulher Cis (me identifico, em todos os aspectos, com o meu “gênero de nascença”.)",Heterossexual,Violação sexual mediante fraude (Tocar de maneira imprópria fazendo a paciente pensar que era parte do procedimento médico),Posto de saúde,20-30,Ginecologista,Rio Grande do Sul,Tapes,Não,
2/19/2020 4:35:21,"Sim, por um profissional da saúde homem",Negra,26-30,Classe C - Renda mensal familiar até    R$ 8.640,"Mulher Cis (me identifico, em todos os aspectos, com o meu “gênero de nascença”.)",Bissexual,Violação sexual mediante fraude (Tocar de maneira imprópria fazendo a paciente pensar que era parte do procedimento médico),Clínica particular,20-30,Ginecologista,São Paulo,São Paulo,Sim,Prefiro não falar sobre o assunto
2/19/2020 14:05:51,"Sim, por um profissional da saúde homem",Branca,26-30,Classe A - Renda mensal familiar acima de R$11.261,"Mulher Cis (me identifico, em todos os aspectos, com o meu “gênero de nascença”.)",Heterossexual,"Importunação sexual (Beijos forçados e toques sem permissão), Violação sexual mediante fraude (Tocar de maneira imprópria fazendo a paciente pensar que era parte do procedimento médico), Injúria (Cantadas e palavras ofensivas)",Clínica particular,20-30,dermatologista,Bahia,Salvador,Não,
2/21/2020 17:54:42,"Sim, por um profissional da saúde homem",Negra,41-45,Classe D - Renda mensal familiar até   R$ 2.004,"Mulher Cis (me identifico, em todos os aspectos, com o meu “gênero de nascença”.)",Heterossexual,Violação sexual mediante fraude (Tocar de maneira imprópria fazendo a paciente pensar que era parte do procedimento médico),Hospital particular,20-30,Obstetra,Rio Grande do Norte,Natal,Não,
3/4/2020 14:09:59,"Sim, por um profissional da saúde homem",Parda,36-40,Classe C - Renda mensal familiar até    R$ 8.640,"Mulher Cis (me identifico, em todos os aspectos, com o meu “gênero de nascença”.)",Heterossexual,Violação sexual mediante fraude (Tocar de maneira imprópria fazendo a paciente pensar que era parte do procedimento médico),Clínica particular,20-30,Ginecologista,Minas Gerais,Belo Horizonte,Não,
3/4/2020 20:48:21,"Sim, por um profissional da saúde homem",Branca,18-25,Classe D - Renda mensal familiar até   R$ 2.004,"Mulher Cis (me identifico, em todos os aspectos, com o meu “gênero de nascença”.)",Heterossexual,"Violação sexual mediante fraude (Tocar de maneira imprópria fazendo a paciente pensar que era parte do procedimento médico), Injúria (Cantadas e palavras ofensivas)",Clínica particular,20-30,Ginecologista obstetra,Rio de Janeiro,Nova Friburgo,Não,
3/4/2020 21:29:42,"Sim, por um profissional da saúde homem",Amarela,31-35,Classe C - Renda mensal familiar até    R$ 8.640,"Mulher Cis (me identifico, em todos os aspectos, com o meu “gênero de nascença”.)",Heterossexual,Importunação sexual (Beijos forçados e toques sem permissão),Clínica particular,20-30,,São Paulo,São Paulo,Não,
4/19/2020 0:53:49,"Sim, por um profissional da saúde homem",Branca,31-35,Classe C - Renda mensal familiar até    R$ 8.640,"Mulher Cis (me identifico, em todos os aspectos, com o meu “gênero de nascença”.)",Heterossexual,Violação sexual mediante fraude (Tocar de maneira imprópria fazendo a paciente pensar que era parte do procedimento médico),Hospital particular,20-30,Clínica Médica,São Paulo,Santo André,Não,
5/5/2020 15:13:53,"Sim, por um profissional da saúde homem",Branca,26-30,Classe C - Renda mensal familiar até    R$ 8.640,"Mulher Cis (me identifico, em todos os aspectos, com o meu “gênero de nascença”.)",Bissexual,"Importunação sexual (Beijos forçados e toques sem permissão), Violação sexual mediante fraude (Tocar de maneira imprópria fazendo a paciente pensar que era parte do procedimento médico)",Clínica particular,20-30,Que faz ultrassom,Rio Grande do Sul,Getúlio Vargas,Não,
6/2/2020 16:07:14,"Sim, por um profissional da saúde homem",Branca,26-30,Classe E - Renda mensal familiar até   R$ 1.254,"Mulher Cis (me identifico, em todos os aspectos, com o meu “gênero de nascença”.)",Heterossexual,"Importunação sexual (Beijos forçados e toques sem permissão), Violação sexual mediante fraude (Tocar de maneira imprópria fazendo a paciente pensar que era parte do procedimento médico)",Posto de saúde,20-30,Clínico geral,Sergipe,Tobias Barreto,Sim,Encontrei resistência por parte dos profissionais de atendimento para registrar a minha denúncia
6/9/2020 4:25:49,"Sim, por um profissional da saúde homem",Parda,31-35,Classe B - Renda mensal familiar até   R$ 11.261,"Mulher Cis (me identifico, em todos os aspectos, com o meu “gênero de nascença”.)",Heterossexual,Violação sexual mediante fraude (Tocar de maneira imprópria fazendo a paciente pensar que era parte do procedimento médico),Clínica particular,20-30,"Clinico, mas depois soube que tambem era cardiologista",Pernambuco,Recife,Não,
7/30/2020 20:15:25,"Sim, por um profissional da saúde homem",Branca,18-25,Classe E - Renda mensal familiar até   R$ 1.254,"Mulher Cis (me identifico, em todos os aspectos, com o meu “gênero de nascença”.)",Heterossexual,Injúria (Cantadas e palavras ofensivas),Hospital particular,20-30,Ginecologista,Goiás,Luziânia,Não,
8/11/2020 12:14:11,"Sim, por um profissional da saúde homem",Branca,18-25,Classe B - Renda mensal familiar até   R$ 11.261,"Mulher Cis (me identifico, em todos os aspectos, com o meu “gênero de nascença”.)",Bissexual,Importunação sexual (Beijos forçados e toques sem permissão),Clínica particular,20-30,Cirurgia Geral e Bariátrica,Minas Gerais,Juiz De Fora,Não,
8/11/2020 14:43:38,"Sim, por um profissional da saúde homem",Branca,26-30,Classe C - Renda mensal familiar até    R$ 8.640,"Mulher Cis (me identifico, em todos os aspectos, com o meu “gênero de nascença”.)",Heterossexual,"Importunação sexual (Beijos forçados e toques sem permissão), Violação sexual mediante fraude (Tocar de maneira imprópria fazendo a paciente pensar que era parte do procedimento médico), Injúria (Cantadas e palavras ofensivas)",Clínica particular,20-30,Ginecologista,Goiás,Senador Canedo,Não,
8/18/2020 23:04:43,"Sim, por um profissional da saúde homem",Parda,18-25,Classe D - Renda mensal familiar até   R$ 2.004,"Mulher Cis (me identifico, em todos os aspectos, com o meu “gênero de nascença”.)",Heterossexual,"Importunação sexual (Beijos forçados e toques sem permissão), Violação sexual mediante fraude (Tocar de maneira imprópria fazendo a paciente pensar que era parte do procedimento médico), Injúria (Cantadas e palavras ofensivas)",Clínica particular,20-30,Ginecologista,Bahia,Vitória da Conquista,Sim,"Não senti que o meu caso teve a devida atenção, Achei o processo e a espera muito longos, Encontrei resistência por parte dos profissionais de atendimento para registrar a minha denúncia"
9/6/2020 7:12:13,"Sim, por um profissional da saúde homem",Parda,50+,Classe C - Renda mensal familiar até    R$ 8.640,"Mulher Cis (me identifico, em todos os aspectos, com o meu “gênero de nascença”.)",Heterossexual,Violação sexual mediante fraude (Tocar de maneira imprópria fazendo a paciente pensar que era parte do procedimento médico),Clínica particular,20-30,Cardiologista,Bahia,Salvador,Não,
9/20/2020 23:43:48,"Sim, por um profissional da saúde homem",Branca,26-30,Classe B - Renda mensal familiar até   R$ 11.261,"Mulher Cis (me identifico, em todos os aspectos, com o meu “gênero de nascença”.)",Heterossexual,"Violação sexual mediante fraude (Tocar de maneira imprópria fazendo a paciente pensar que era parte do procedimento médico), Injúria (Cantadas e palavras ofensivas)",Clínica particular,20-30,Endocrinologista,Minas Gerais,Belo Horizonte,Sim,"Não senti que o meu caso teve a devida atenção, Achei o processo e a espera muito longos"
9/21/2020 11:32:13,"Sim, por um profissional da saúde homem",Branca,31-35,Classe C - Renda mensal familiar até    R$ 8.640,"Mulher Cis (me identifico, em todos os aspectos, com o meu “gênero de nascença”.)",Heterossexual,"Importunação sexual (Beijos forçados e toques sem permissão), Violação sexual mediante fraude (Tocar de maneira imprópria fazendo a paciente pensar que era parte do procedimento médico)",Clínica particular,20-30,Fisioterapia _ Quiropraxia,São Paulo,Bauru,Sim,Senti que os profissionais que me atenderam não tinham preparo técnico  para lidar com o meu caso
9/21/2020 12:19:31,"Sim, por um profissional da saúde homem",Branca,36-40,Classe C - Renda mensal familiar até    R$ 8.640,"Mulher Cis (me identifico, em todos os aspectos, com o meu “gênero de nascença”.)",Heterossexual,Violação sexual mediante fraude (Tocar de maneira imprópria fazendo a paciente pensar que era parte do procedimento médico),Clínica particular,20-30,Ginecologista,São Paulo,Salto,Não,
12/15/2019 17:27:30,"Sim, por um profissional da saúde homem",Parda,31-35,Classe C - Renda mensal familiar até    R$ 8.640,"Mulher Cis (me identifico, em todos os aspectos, com o meu “gênero de nascença”.)",Bissexual,Importunação sexual (Beijos forçados e toques sem permissão),Clínica particular,20-30,,Minas Gerais,belo horizonte,Não,
12/15/2019 18:33:38,"Sim, por um profissional da saúde homem",Parda,50+,Classe C - Renda mensal familiar até    R$ 8.640,"Mulher Cis (me identifico, em todos os aspectos, com o meu “gênero de nascença”.)",Heterossexual,,Clínica particular,20-30,Ginecologista,Distrito Federal,Brasilia,Não,
12/15/2019 20:14:06,"Sim, por um profissional da saúde homem",Negra,36-40,Classe D - Renda mensal familiar até   R$ 2.004,"Mulher Cis (me identifico, em todos os aspectos, com o meu “gênero de nascença”.)",Heterossexual,"Importunação sexual (Beijos forçados e toques sem permissão), Violação sexual mediante fraude (Tocar de maneira imprópria fazendo a paciente pensar que era parte do procedimento médico), Injúria (Cantadas e palavras ofensivas)",Hospital particular,20-30,Ortopedista,Minas Gerais,BELO horizonte,Sim,"Não senti que o meu caso teve a devida atenção, Os profissionais de atendimento descredibilizaram o meu relato, Senti que os profissionais que me atenderam não tinham preparo técnico  para lidar com o meu caso, Eram homens,estava fragiliza com a situação e eles me trataram friamente querendo saber detalhes de como me sentia na hora, me senti novamente violentada."
12/15/2019 20:18:14,"Sim, por um profissional da saúde homem",Branca,46-50,Classe B - Renda mensal familiar até   R$ 11.261,"Mulher Cis (me identifico, em todos os aspectos, com o meu “gênero de nascença”.)",Heterossexual,Violação sexual mediante fraude (Tocar de maneira imprópria fazendo a paciente pensar que era parte do procedimento médico),Clínica particular,20-30,Cardiovascular ,São Paulo,São Paulo ,Não,
12/16/2019 10:31:09,"Sim, por um profissional da saúde homem",Parda,26-30,Classe A - Renda mensal familiar acima de R$11.261,"Mulher Cis (me identifico, em todos os aspectos, com o meu “gênero de nascença”.)",Heterossexual,"Violação sexual mediante fraude (Tocar de maneira imprópria fazendo a paciente pensar que era parte do procedimento médico), Injúria (Cantadas e palavras ofensivas)",Clínica particular,20-30,Ginecologista ,Paraná,Umuarama,Não,
12/16/2019 11:55:02,"Sim, por um profissional da saúde homem",Branca,31-35,Classe A - Renda mensal familiar acima de R$11.261,"Mulher Cis (me identifico, em todos os aspectos, com o meu “gênero de nascença”.)",Heterossexual,Violação sexual mediante fraude (Tocar de maneira imprópria fazendo a paciente pensar que era parte do procedimento médico),Clínica particular,20-30,Psiquiatra,Pernambuco,Recife,Não,
12/16/2019 18:53:11,"Sim, por um profissional da saúde homem",Negra,18-25,Classe E - Renda mensal familiar até   R$ 1.254,"Mulher Cis (me identifico, em todos os aspectos, com o meu “gênero de nascença”.)",Bissexual,"Violação sexual mediante fraude (Tocar de maneira imprópria fazendo a paciente pensar que era parte do procedimento médico), Injúria (Cantadas e palavras ofensivas)",Hospital público,20-30,Técnico de enfermagem,Bahia,Feira de Santana,Não,
12/16/2019 23:02:37,"Sim, por um profissional da saúde homem",Branca,26-30,Classe C - Renda mensal familiar até    R$ 8.640,"Mulher Cis (me identifico, em todos os aspectos, com o meu “gênero de nascença”.)",Heterossexual,Importunação sexual (Beijos forçados e toques sem permissão),consultório particular do médico,20-30,Ortopedista,Rio Grande do Sul,Porto Alegre,Não,
12/17/2019 7:04:24,"Sim, por um profissional da saúde homem",Branca,31-35,Classe C - Renda mensal familiar até    R$ 8.640,"Mulher Cis (me identifico, em todos os aspectos, com o meu “gênero de nascença”.)",Heterossexual,"Violação sexual mediante fraude (Tocar de maneira imprópria fazendo a paciente pensar que era parte do procedimento médico), Injúria (Cantadas e palavras ofensivas)",Hospital particular,20-30,Ginecologista,Goiás,São Luis de Montes Belos,Não,
12/17/2019 9:13:44,"Sim, por um profissional da saúde homem",Parda,36-40,Classe C - Renda mensal familiar até    R$ 8.640,"Mulher Cis (me identifico, em todos os aspectos, com o meu “gênero de nascença”.)",Heterossexual,Violação sexual mediante fraude (Tocar de maneira imprópria fazendo a paciente pensar que era parte do procedimento médico),Clínica particular,20-30,Ginecologista,Bahia,Santo Antônio de Jesus,Não,
12/17/2019 14:20:29,"Sim, por um profissional da saúde homem",Negra,41-45,Classe B - Renda mensal familiar até   R$ 11.261,"Mulher Cis (me identifico, em todos os aspectos, com o meu “gênero de nascença”.)",Heterossexual,Injúria (Cantadas e palavras ofensivas),Clínica particular,20-30,Ginecologia,Goiás,Goiânia ,Não,
12/17/2019 17:03:52,"Sim, por um profissional da saúde homem",Negra,26-30,Classe E - Renda mensal familiar até   R$ 1.254,"Mulher Cis (me identifico, em todos os aspectos, com o meu “gênero de nascença”.)",Bissexual,"Importunação sexual (Beijos forçados e toques sem permissão), Injúria (Cantadas e palavras ofensivas)",Hospital público,20-30,Ginecologista,São Paulo,Santo André,Não,
12/17/2019 17:29:45,"Sim, por um profissional da saúde homem",Branca,26-30,Classe A - Renda mensal familiar acima de R$11.261,"Mulher Cis (me identifico, em todos os aspectos, com o meu “gênero de nascença”.)",Heterossexual,,Clínica particular,20-30,Ginecologista ,Minas Gerais,Curvelo,Não,
12/19/2019 5:47:58,"Sim, por um profissional da saúde homem",Negra,50+,Classe C - Renda mensal familiar até    R$ 8.640,"Mulher Cis (me identifico, em todos os aspectos, com o meu “gênero de nascença”.)",Heterossexual,Violação sexual mediante fraude (Tocar de maneira imprópria fazendo a paciente pensar que era parte do procedimento médico),Clínica particular,20-30,Ultrassonografia ginecológica,Mato Grosso,Cuiabá,Não,
12/20/2019 12:15:13,"Sim, por um profissional da saúde homem",Branca,18-25,Classe D - Renda mensal familiar até   R$ 2.004,"Mulher Cis (me identifico, em todos os aspectos, com o meu “gênero de nascença”.)",Heterossexual,Injúria (Cantadas e palavras ofensivas),Hospital particular,20-30,Ginecologista,Rio de Janeiro,Rio de Janeiro,Não,
12/20/2019 16:11:14,"Sim, por um profissional da saúde homem",Branca,18-25,Classe C - Renda mensal familiar até    R$ 8.640,"Mulher Cis (me identifico, em todos os aspectos, com o meu “gênero de nascença”.)",Lésbica,"Importunação sexual (Beijos forçados e toques sem permissão), Violação sexual mediante fraude (Tocar de maneira imprópria fazendo a paciente pensar que era parte do procedimento médico)",Clínica particular,20-30,Gastrologista,São Paulo,São Paulo,Não,
12/21/2019 21:54:49,"Sim, por um profissional da saúde homem",Amarela,18-25,Classe C - Renda mensal familiar até    R$ 8.640,"Mulher Cis (me identifico, em todos os aspectos, com o meu “gênero de nascença”.)","Eu não me considero nem hetero, nem bi sexual, pois nunca assumi um relacionamento homoafetivo","Importunação sexual (Beijos forçados e toques sem permissão), Violação sexual mediante fraude (Tocar de maneira imprópria fazendo a paciente pensar que era parte do procedimento médico), Injúria (Cantadas e palavras ofensivas)",Clínica particular,20-30,"Psicanalista, hipnólogo, coach",Maranhão,São Luís,Não,
12/22/2019 10:23:01,"Sim, por um profissional da saúde homem",Parda,31-35,Classe C - Renda mensal familiar até    R$ 8.640,"Mulher Cis (me identifico, em todos os aspectos, com o meu “gênero de nascença”.)",Heterossexual,"Violação sexual mediante fraude (Tocar de maneira imprópria fazendo a paciente pensar que era parte do procedimento médico), Injúria (Cantadas e palavras ofensivas)",Clínica particular,20-30,Cardiologia,Distrito Federal,Brasília,Não,
12/23/2019 20:03:57,"Sim, por um profissional da saúde homem",Branca,46-50,Classe C - Renda mensal familiar até    R$ 8.640,"Mulher Cis (me identifico, em todos os aspectos, com o meu “gênero de nascença”.)",Heterossexual,"Importunação sexual (Beijos forçados e toques sem permissão), Violação sexual mediante fraude (Tocar de maneira imprópria fazendo a paciente pensar que era parte do procedimento médico)",Posto de saúde,20-30,Genicologista,Pará,Belém,Não,
12/23/2019 22:01:32,"Sim, por um profissional da saúde homem",Parda,41-45,Classe D - Renda mensal familiar até   R$ 2.004,"Mulher Cis (me identifico, em todos os aspectos, com o meu “gênero de nascença”.)",Heterossexual,"Importunação sexual (Beijos forçados e toques sem permissão), Violação sexual mediante fraude (Tocar de maneira imprópria fazendo a paciente pensar que era parte do procedimento médico)",Clínica particular,20-30,Ginecologista,Bahia,Salvador,Não,
12/27/2019 14:37:40,"Sim, por um profissional da saúde homem",Parda,18-25,Classe C - Renda mensal familiar até    R$ 8.640,"Mulher Cis (me identifico, em todos os aspectos, com o meu “gênero de nascença”.)",Heterossexual,Injúria (Cantadas e palavras ofensivas),Hospital particular,20-30,GO ,São Paulo,São Paulo ,Não,
12/28/2019 17:27:30,"Sim, por um profissional da saúde homem",Branca,41-45,Classe C - Renda mensal familiar até    R$ 8.640,"Mulher Cis (me identifico, em todos os aspectos, com o meu “gênero de nascença”.)",Heterossexual,Violação sexual mediante fraude (Tocar de maneira imprópria fazendo a paciente pensar que era parte do procedimento médico),Hospital particular,20-30,Clinico,São Paulo,Osasco,Sim,Positiva. Senti que os profissionais de atendimento deram a devida atenção ao meu caso
1/3/2020 13:12:06,"Sim, por um profissional da saúde homem",Branca,31-35,Classe A - Renda mensal familiar acima de R$11.261,"Mulher Cis (me identifico, em todos os aspectos, com o meu “gênero de nascença”.)",Heterossexual,Injúria (Cantadas e palavras ofensivas),Clínica particular,20-30,Ginecologista e obstetrícia ,São Paulo,Ribeirão Preto ,Não,
1/6/2020 9:10:30,"Sim, por um profissional da saúde homem",Branca,36-40,Classe A - Renda mensal familiar acima de R$11.261,"Mulher Cis (me identifico, em todos os aspectos, com o meu “gênero de nascença”.)",Heterossexual,"Violação sexual mediante fraude (Tocar de maneira imprópria fazendo a paciente pensar que era parte do procedimento médico), Injúria (Cantadas e palavras ofensivas)",Clínica particular,20-30,Reumatologista,São Paulo,Sao Paulo,Não,
1/6/2020 12:28:02,"Sim, por um profissional da saúde homem",Branca,31-35,Classe A - Renda mensal familiar acima de R$11.261,"Mulher Cis (me identifico, em todos os aspectos, com o meu “gênero de nascença”.)",Heterossexual,Violação sexual mediante fraude (Tocar de maneira imprópria fazendo a paciente pensar que era parte do procedimento médico),Clínica particular,20-30,Ginecologia,Rio de Janeiro,Rio de Janeiro,Não,
1/6/2020 15:20:28,"Sim, por um profissional da saúde homem",Branca,50+,Classe C - Renda mensal familiar até    R$ 8.640,"Mulher Cis (me identifico, em todos os aspectos, com o meu “gênero de nascença”.)",Heterossexual,Violação sexual mediante fraude (Tocar de maneira imprópria fazendo a paciente pensar que era parte do procedimento médico),Clínica particular,20-30,Ginecologista,São Paulo,São Paulo,Não,
1/10/2020 9:11:27,"Sim, por um profissional da saúde homem",Branca,36-40,Classe D - Renda mensal familiar até   R$ 2.004,"Mulher Cis (me identifico, em todos os aspectos, com o meu “gênero de nascença”.)",Assexual,Injúria (Cantadas e palavras ofensivas),Clínica particular,20-30,Ecografo,Rio de Janeiro,Armação dos Búzios,Não,
1/15/2020 11:47:39,"Sim, por um profissional da saúde homem",Branca,18-25,Classe C - Renda mensal familiar até    R$ 8.640,"Mulher Cis (me identifico, em todos os aspectos, com o meu “gênero de nascença”.)",Heterossexual,Importunação sexual (Beijos forçados e toques sem permissão),Hospital público,20-30,enfermeiro,Paraná,Arapongas,Não,
1/20/2020 17:52:06,"Sim, por um profissional da saúde homem",Branca,31-35,Classe D - Renda mensal familiar até   R$ 2.004,"Mulher Cis (me identifico, em todos os aspectos, com o meu “gênero de nascença”.)",Heterossexual,Injúria (Cantadas e palavras ofensivas),Clínica particular,20-30,Ginecologista,São Paulo,Santa Cruz do Rio Pardo,Não,
1/21/2020 7:25:37,"Sim, por um profissional da saúde homem",Branca,26-30,Classe C - Renda mensal familiar até    R$ 8.640,"Mulher Cis (me identifico, em todos os aspectos, com o meu “gênero de nascença”.)",Bissexual,"Importunação sexual (Beijos forçados e toques sem permissão), Injúria (Cantadas e palavras ofensivas)",Clínica particular,20-30,Urologista,São Paulo,Botucatu,Não,
1/21/2020 7:44:50,"Sim, por um profissional da saúde homem",Branca,26-30,Classe D - Renda mensal familiar até   R$ 2.004,"Mulher Cis (me identifico, em todos os aspectos, com o meu “gênero de nascença”.)",Heterossexual,"Violação sexual mediante fraude (Tocar de maneira imprópria fazendo a paciente pensar que era parte do procedimento médico), Injúria (Cantadas e palavras ofensivas)",Hospital particular,20-30,Ginecologista,São Paulo,Santo andre,Sim,Positiva. Senti que os profissionais de atendimento deram a devida atenção ao meu caso
1/21/2020 9:08:47,"Sim, por um profissional da saúde homem",Branca,26-30,Classe C - Renda mensal familiar até    R$ 8.640,"Mulher Cis (me identifico, em todos os aspectos, com o meu “gênero de nascença”.)",Heterossexual,"Violação sexual mediante fraude (Tocar de maneira imprópria fazendo a paciente pensar que era parte do procedimento médico), Injúria (Cantadas e palavras ofensivas)",Clínica particular,20-30,Ginecologista/obstetra,São Paulo,Campinas,Não,
1/21/2020 12:44:33,"Sim, por um profissional da saúde homem",Parda,26-30,Classe C - Renda mensal familiar até    R$ 8.640,"Mulher Cis (me identifico, em todos os aspectos, com o meu “gênero de nascença”.)",Heterossexual,Injúria (Cantadas e palavras ofensivas),Posto de saúde,20-30,Clínico geral,Rio de Janeiro,Mangaratiba,Não,
1/21/2020 17:09:42,"Sim, por um profissional da saúde homem",Branca,36-40,Classe C - Renda mensal familiar até    R$ 8.640,"Mulher Cis (me identifico, em todos os aspectos, com o meu “gênero de nascença”.)",Heterossexual,Violação sexual mediante fraude (Tocar de maneira imprópria fazendo a paciente pensar que era parte do procedimento médico),Hospital particular,20-30,Clínico geral,Pará,Marabá ,Não,
1/29/2020 15:54:14,"Sim, por um profissional da saúde homem",Parda,26-30,Classe C - Renda mensal familiar até    R$ 8.640,"Mulher Cis (me identifico, em todos os aspectos, com o meu “gênero de nascença”.)",Heterossexual,Importunação sexual (Beijos forçados e toques sem permissão),Clínica particular,20-30,Pediatra,Minas Gerais,Uberaba,Sim,Positiva. Senti que os profissionais de atendimento deram a devida atenção ao meu caso
2/1/2020 15:41:25,"Sim, por um profissional da saúde homem",Branca,26-30,Classe E - Renda mensal familiar até   R$ 1.254,"Mulher Cis (me identifico, em todos os aspectos, com o meu “gênero de nascença”.)",Heterossexual,Violação sexual mediante fraude (Tocar de maneira imprópria fazendo a paciente pensar que era parte do procedimento médico),Clínica particular,20-30,,Goiás,goini,Sim,Positiva. Senti que os profissionais de atendimento deram a devida atenção ao meu caso
2/9/2020 15:45:50,"Sim, por um profissional da saúde homem",Branca,50+,Classe B - Renda mensal familiar até   R$ 11.261,"Mulher Cis (me identifico, em todos os aspectos, com o meu “gênero de nascença”.)",Heterossexual,Violação sexual mediante fraude (Tocar de maneira imprópria fazendo a paciente pensar que era parte do procedimento médico),Clínica particular,20-30,Ginecologista,São Paulo,São Paulo,Não,
12/18/2019 9:29:47,"Sim, por uma profissional da saúde mulher",Branca,26-30,Classe D - Renda mensal familiar até   R$ 2.004,"Mulher Cis (me identifico, em todos os aspectos, com o meu “gênero de nascença”.)",Bissexual,Violação sexual mediante fraude (Tocar de maneira imprópria fazendo a paciente pensar que era parte do procedimento médico),Clínica particular,20-30,Ginecologista,Rio de Janeiro,Barra de São João ,Não,
12/19/2019 12:39:32,"Sim, por uma profissional da saúde mulher",Branca,26-30,Classe C - Renda mensal familiar até    R$ 8.640,"Mulher Cis (me identifico, em todos os aspectos, com o meu “gênero de nascença”.)",Lésbica,Violação sexual mediante fraude (Tocar de maneira imprópria fazendo a paciente pensar que era parte do procedimento médico),Posto de saúde,20-30,Enfermeira,Minas Gerais,Três Corações,Não,
1/7/2020 10:30:58,"Sim, por uma profissional da saúde mulher",Branca,18-25,Classe D - Renda mensal familiar até   R$ 2.004,"Mulher Cis (me identifico, em todos os aspectos, com o meu “gênero de nascença”.)",Heterossexual,Injúria (Cantadas e palavras ofensivas),Posto de saúde,20-30,Clínico geral,Santa Catarina,Joaçaba,Não,
1/7/2020 10:44:00,"Sim, por uma profissional da saúde mulher",Branca,18-25,Classe D - Renda mensal familiar até   R$ 2.004,"Mulher Cis (me identifico, em todos os aspectos, com o meu “gênero de nascença”.)",Heterossexual,Injúria (Cantadas e palavras ofensivas),Clínica particular,20-30,Ginecologista,São Paulo,Sao Paulo,Não,
1/29/2020 5:55:50,"Sim, por uma profissional da saúde mulher",Negra,26-30,Classe D - Renda mensal familiar até   R$ 2.004,"Mulher Cis (me identifico, em todos os aspectos, com o meu “gênero de nascença”.)",Heterossexual,Violação sexual mediante fraude (Tocar de maneira imprópria fazendo a paciente pensar que era parte do procedimento médico),Hospital público,20-30,obstetra,Bahia,Salvador ,Não,
2/17/2020 19:56:09,"Sim, por um profissional da saúde homem",Branca,31-35,Classe A - Renda mensal familiar acima de R$11.261,"Mulher Cis (me identifico, em todos os aspectos, com o meu “gênero de nascença”.)",Heterossexual,Violação sexual mediante fraude (Tocar de maneira imprópria fazendo a paciente pensar que era parte do procedimento médico),Hospital particular,31-40,Ortopedista,São Paulo,São Paulo,Não,
2/17/2020 22:52:51,"Sim, por um profissional da saúde homem",Branca,31-35,Classe C - Renda mensal familiar até    R$ 8.640,"Mulher Cis (me identifico, em todos os aspectos, com o meu “gênero de nascença”.)",Bissexual,Violação sexual mediante fraude (Tocar de maneira imprópria fazendo a paciente pensar que era parte do procedimento médico),Clínica particular,31-40,Neurologista,São Paulo,Sao paulo,Não,
2/27/2020 14:44:54,"Sim, por um profissional da saúde homem",Branca,36-40,Classe C - Renda mensal familiar até    R$ 8.640,"Mulher Cis (me identifico, em todos os aspectos, com o meu “gênero de nascença”.)",Heterossexual,"Importunação sexual (Beijos forçados e toques sem permissão), Violação sexual mediante fraude (Tocar de maneira imprópria fazendo a paciente pensar que era parte do procedimento médico), Injúria (Cantadas e palavras ofensivas)",Clínica particular,31-40,ginecologista,Paraná,Cornelio Procopio,Não,
3/23/2020 19:21:58,"Sim, por um profissional da saúde homem",Branca,31-35,Classe C - Renda mensal familiar até    R$ 8.640,"Mulher Cis (me identifico, em todos os aspectos, com o meu “gênero de nascença”.)",Heterossexual,Violação sexual mediante fraude (Tocar de maneira imprópria fazendo a paciente pensar que era parte do procedimento médico),Hospital particular,31-40,Clinico,São Paulo,Jundiai,Não,
6/28/2020 22:19:12,"Sim, por um profissional da saúde homem",Parda,36-40,Classe C - Renda mensal familiar até    R$ 8.640,"Mulher Cis (me identifico, em todos os aspectos, com o meu “gênero de nascença”.)",Heterossexual,"Importunação sexual (Beijos forçados e toques sem permissão), Violação sexual mediante fraude (Tocar de maneira imprópria fazendo a paciente pensar que era parte do procedimento médico)",Hospital particular,31-40,Ginecologista/obstetra,Bahia,Itabuna,Sim,"Achei o processo e a espera muito longos, Os profissionais de atendimento descredibilizaram o meu relato, Encontrei resistência por parte dos profissionais de atendimento para registrar a minha denúncia, Senti que os profissionais que me atenderam não tinham preparo técnico  para lidar com o meu caso"
7/3/2020 16:02:51,"Sim, por um profissional da saúde homem",Parda,31-35,Classe D - Renda mensal familiar até   R$ 2.004,"Mulher Cis (me identifico, em todos os aspectos, com o meu “gênero de nascença”.)",Heterossexual,"Importunação sexual (Beijos forçados e toques sem permissão), Violação sexual mediante fraude (Tocar de maneira imprópria fazendo a paciente pensar que era parte do procedimento médico), Injúria (Cantadas e palavras ofensivas)",Clínica particular,31-40,Fisioterapeuta,Minas Gerais,Cataguases,Sim,Positiva. Senti que os profissionais de atendimento deram a devida atenção ao meu caso
7/13/2020 10:01:52,"Sim, por um profissional da saúde homem",Branca,36-40,Classe C - Renda mensal familiar até    R$ 8.640,"Mulher Cis (me identifico, em todos os aspectos, com o meu “gênero de nascença”.)",Heterossexual,"Importunação sexual (Beijos forçados e toques sem permissão), Injúria (Cantadas e palavras ofensivas)",Clínica particular,31-40,Cardiologista,São Paulo,São Paulo,Não,
7/16/2020 16:28:22,"Sim, por um profissional da saúde homem",Branca,36-40,Classe D - Renda mensal familiar até   R$ 2.004,"Mulher Cis (me identifico, em todos os aspectos, com o meu “gênero de nascença”.)",Bissexual,Violação sexual mediante fraude (Tocar de maneira imprópria fazendo a paciente pensar que era parte do procedimento médico),Clínica particular,31-40,clínico geral,Rio Grande do Sul,Canguçu,Não,
7/19/2020 13:28:03,"Sim, por um profissional da saúde homem",Branca,36-40,Classe D - Renda mensal familiar até   R$ 2.004,"Mulher Cis (me identifico, em todos os aspectos, com o meu “gênero de nascença”.)",Heterossexual,"Importunação sexual (Beijos forçados e toques sem permissão), Violação sexual mediante fraude (Tocar de maneira imprópria fazendo a paciente pensar que era parte do procedimento médico)",atendimento odontológico da universidade federal do paraná,31-40,Raio x odontologico,Paraná,curitiba,Não,
7/20/2020 17:54:10,"Sim, por um profissional da saúde homem",Branca,41-45,Classe C - Renda mensal familiar até    R$ 8.640,"Mulher Cis (me identifico, em todos os aspectos, com o meu “gênero de nascença”.)",Heterossexual,Importunação sexual (Beijos forçados e toques sem permissão),Clínica particular,31-40,Psiquiatra,Paraná,Cascavel,Não,
8/10/2020 13:43:44,"Sim, por um profissional da saúde homem",Branca,31-35,Classe C - Renda mensal familiar até    R$ 8.640,"Mulher Cis (me identifico, em todos os aspectos, com o meu “gênero de nascença”.)",Heterossexual,Violação sexual mediante fraude (Tocar de maneira imprópria fazendo a paciente pensar que era parte do procedimento médico),Clínica particular,31-40,Cardiologista,São Paulo,São Paulo,Não,
9/21/2020 11:01:15,"Sim, por um profissional da saúde homem",Parda,41-45,Classe A - Renda mensal familiar acima de R$11.261,"Mulher Cis (me identifico, em todos os aspectos, com o meu “gênero de nascença”.)",Heterossexual,Violação sexual mediante fraude (Tocar de maneira imprópria fazendo a paciente pensar que era parte do procedimento médico),Clínica particular,31-40,Ginecologista e Obstetrícia,Acre,Rio Branco,Não,
12/15/2019 20:01:14,"Sim, por um profissional da saúde homem",Branca,31-35,Classe C - Renda mensal familiar até    R$ 8.640,"Mulher Cis (me identifico, em todos os aspectos, com o meu “gênero de nascença”.)",Heterossexual,Violação sexual mediante fraude (Tocar de maneira imprópria fazendo a paciente pensar que era parte do procedimento médico),Clínica particular,31-40,Angiologista,Rio de Janeiro,Niterói,Não,
12/16/2019 10:34:47,"Sim, por um profissional da saúde homem",Parda,41-45,Classe C - Renda mensal familiar até    R$ 8.640,"Mulher Cis (me identifico, em todos os aspectos, com o meu “gênero de nascença”.)",Heterossexual,"Importunação sexual (Beijos forçados e toques sem permissão), Estupro de vulnerável (quando a vítima é menor de 14 anos ou esta sob efeito de medicação)",Hospital particular,31-40,Anestesista,Rio de Janeiro,São Gonçalo,Não,
12/17/2019 19:25:10,"Sim, por um profissional da saúde homem",Parda,36-40,Classe C - Renda mensal familiar até    R$ 8.640,"Mulher Cis (me identifico, em todos os aspectos, com o meu “gênero de nascença”.)",Bissexual,Violação sexual mediante fraude (Tocar de maneira imprópria fazendo a paciente pensar que era parte do procedimento médico),Clínica particular,31-40,Fernando Antonio Silva Filizola,Pernambuco,Recife,Não,
12/17/2019 21:00:55,"Sim, por um profissional da saúde homem",Branca,31-35,Classe A - Renda mensal familiar acima de R$11.261,"Mulher Cis (me identifico, em todos os aspectos, com o meu “gênero de nascença”.)",Heterossexual,Violação sexual mediante fraude (Tocar de maneira imprópria fazendo a paciente pensar que era parte do procedimento médico),Clínica particular,31-40,Médico do trabalho e pediatra. Tem muitos diplomas nas paredes da recepção ,Santa Catarina,Itapema,Sim,"Positiva. Senti que os profissionais de atendimento deram a devida atenção ao meu caso, Liguei para o comitê de ética médica que me orientou a procurar a delegacia de medicina em Itajaí. Liguei e, devido às perguntas que me foram feitas eu decidi me dirigir a delegacia da mulher, onde num primeiro momento fui mau recebida até me mostrar como uma pessoa que sabia dos meus direitos, a policial que me atendeu mal era uma jovem mulher, então um policial homem aparentemente mais velho e experiente que a anterior, acolheu meu depoimento e me orientou a fazer a denúncia em Itapema mesmo. Devido a estar chocada e ter sido mal recebida no primeiro momento na delegacia, eu aguardei meu esposo retornar de viagem. Após uma semana do ocorrido ele retorno e eu contei a ele e fomos na delegacia fazer a denúncia. Fui muito bem recebida e orientada. Após fiquei sabendo de outros casos ocorridos como o meu. Ele finge que vai examinar, ouvir o coração, e assedia. Até hoje ele continua trabalhando. "
12/18/2019 18:15:19,"Sim, por um profissional da saúde homem",Branca,31-35,Classe C - Renda mensal familiar até    R$ 8.640,"Mulher Cis (me identifico, em todos os aspectos, com o meu “gênero de nascença”.)",Heterossexual,Injúria (Cantadas e palavras ofensivas),Clínica particular,31-40,Ginecologista,Santa Catarina,Florianópolis,Não,
12/20/2019 12:23:58,"Sim, por um profissional da saúde homem",Branca,31-35,Classe C - Renda mensal familiar até    R$ 8.640,"Mulher Cis (me identifico, em todos os aspectos, com o meu “gênero de nascença”.)",Heterossexual,"Importunação sexual (Beijos forçados e toques sem permissão), Violação sexual mediante fraude (Tocar de maneira imprópria fazendo a paciente pensar que era parte do procedimento médico), Injúria (Cantadas e palavras ofensivas)",Clínica particular,31-40,Dentista,São Paulo,São Paulo,Não,
12/23/2019 14:07:49,"Sim, por um profissional da saúde homem",Parda,36-40,Classe E - Renda mensal familiar até   R$ 1.254,"Mulher Cis (me identifico, em todos os aspectos, com o meu “gênero de nascença”.)",Heterossexual,"Importunação sexual (Beijos forçados e toques sem permissão), Violação sexual mediante fraude (Tocar de maneira imprópria fazendo a paciente pensar que era parte do procedimento médico), Injúria (Cantadas e palavras ofensivas)",Juizado federal,31-40,PERITO MÉDICO JUDICIAL,Rio de Janeiro,Rio de Janeiro ,Sim,"Não senti que o meu caso teve a devida atenção, Achei o processo e a espera muito longos"
12/27/2019 11:18:49,"Sim, por um profissional da saúde homem",Branca,36-40,Classe C - Renda mensal familiar até    R$ 8.640,"Mulher Cis (me identifico, em todos os aspectos, com o meu “gênero de nascença”.)",Heterossexual,Violação sexual mediante fraude (Tocar de maneira imprópria fazendo a paciente pensar que era parte do procedimento médico),Hospital particular,31-40,Ginecologia obstetricia,São Paulo,São Paulo,Sim,Aguardando retorno ainda. 
1/7/2020 17:45:04,"Sim, por um profissional da saúde homem",Branca,36-40,Classe A - Renda mensal familiar acima de R$11.261,"Mulher Cis (me identifico, em todos os aspectos, com o meu “gênero de nascença”.)",Heterossexual,Importunação sexual (Beijos forçados e toques sem permissão),Clínica particular,31-40,Ginecologia,São Paulo,Campinas,Não,
1/19/2020 21:02:01,"Sim, por um profissional da saúde homem",Branca,36-40,Classe C - Renda mensal familiar até    R$ 8.640,"Mulher Cis (me identifico, em todos os aspectos, com o meu “gênero de nascença”.)",Heterossexual,Violação sexual mediante fraude (Tocar de maneira imprópria fazendo a paciente pensar que era parte do procedimento médico),Clínica particular,31-40,Ultrassonografia,Rio de Janeiro,Rio de Janeiro,Não,
1/20/2020 15:43:06,"Sim, por um profissional da saúde homem",Branca,50+,Classe C - Renda mensal familiar até    R$ 8.640,"Homem Cis (me identifico, em todos os aspectos, com o meu “gênero de nascença”.)",Heterossexual,Violação sexual mediante fraude (Tocar de maneira imprópria fazendo a paciente pensar que era parte do procedimento médico),Clínica particular,31-40,clínico da embaixada do Japao.,Rio de Janeiro,Rio de janeiro,Não,
1/20/2020 20:23:40,"Sim, por um profissional da saúde homem",Branca,36-40,Classe B - Renda mensal familiar até   R$ 11.261,"Mulher Cis (me identifico, em todos os aspectos, com o meu “gênero de nascença”.)",Heterossexual,"Importunação sexual (Beijos forçados e toques sem permissão), Violação sexual mediante fraude (Tocar de maneira imprópria fazendo a paciente pensar que era parte do procedimento médico)",Hospital particular,31-40,Enfermeiro ,São Paulo,São Paulo,Não,
1/24/2020 17:11:15,"Sim, por um profissional da saúde homem",Branca,41-45,Classe C - Renda mensal familiar até    R$ 8.640,"Mulher Cis (me identifico, em todos os aspectos, com o meu “gênero de nascença”.)",Heterossexual,Violação sexual mediante fraude (Tocar de maneira imprópria fazendo a paciente pensar que era parte do procedimento médico),Clínica particular,31-40,Gastro ,São Paulo,São Paulo ,Não,
1/25/2020 20:06:20,"Sim, por um profissional da saúde homem",Parda,36-40,Classe E - Renda mensal familiar até   R$ 1.254,"Mulher Cis (me identifico, em todos os aspectos, com o meu “gênero de nascença”.)",Heterossexual,"Importunação sexual (Beijos forçados e toques sem permissão), Violação sexual mediante fraude (Tocar de maneira imprópria fazendo a paciente pensar que era parte do procedimento médico), Injúria (Cantadas e palavras ofensivas)",Hospital particular,31-40,Ginecologista,Amazonas,Manaus,Sim,Prefiro não falar sobre o assunto
1/28/2020 9:31:33,"Sim, por um profissional da saúde homem",Negra,36-40,Classe E - Renda mensal familiar até   R$ 1.254,"Mulher Cis (me identifico, em todos os aspectos, com o meu “gênero de nascença”.)",Heterossexual,"Importunação sexual (Beijos forçados e toques sem permissão), Violação sexual mediante fraude (Tocar de maneira imprópria fazendo a paciente pensar que era parte do procedimento médico), Injúria (Cantadas e palavras ofensivas)",Hospital particular,31-40,Ginecologista,Amazonas,Manaus,Sim,Não senti que o meu caso teve a devida atenção
2/6/2020 11:02:33,"Sim, por um profissional da saúde homem",Branca,36-40,Classe C - Renda mensal familiar até    R$ 8.640,"Mulher Cis (me identifico, em todos os aspectos, com o meu “gênero de nascença”.)",Bissexual,Violação sexual mediante fraude (Tocar de maneira imprópria fazendo a paciente pensar que era parte do procedimento médico),Clínica particular,31-40,Obstetra,Paraná,Curitiba,Não,
2/9/2020 1:57:00,"Sim, por um profissional da saúde homem",Branca,41-45,Classe B - Renda mensal familiar até   R$ 11.261,"Mulher Cis (me identifico, em todos os aspectos, com o meu “gênero de nascença”.)",Heterossexual,"Violação sexual mediante fraude (Tocar de maneira imprópria fazendo a paciente pensar que era parte do procedimento médico), Injúria (Cantadas e palavras ofensivas)",Clínica particular,31-40,Homeopatia,Rio de Janeiro,Rio de Janeiro,Não,
12/17/2019 15:38:15,"Sim, por uma profissional da saúde mulher",Branca,31-35,Classe C - Renda mensal familiar até    R$ 8.640,"Mulher Cis (me identifico, em todos os aspectos, com o meu “gênero de nascença”.)",Heterossexual,Injúria (Cantadas e palavras ofensivas),Hospital público,31-40,,Santa Catarina,Sao jose,Sim,Prefiro não falar sobre o assunto
12/18/2019 20:47:37,"Sim, por uma profissional da saúde mulher",Parda,41-45,Classe C - Renda mensal familiar até    R$ 8.640,"Mulher Cis (me identifico, em todos os aspectos, com o meu “gênero de nascença”.)",Heterossexual,Violação sexual mediante fraude (Tocar de maneira imprópria fazendo a paciente pensar que era parte do procedimento médico),"Policlina, centro de especialidades publica ",31-40,Ortopedia / Traumologia,São Paulo,Osasco,Não,
12/21/2019 10:51:21,"Sim, por uma profissional da saúde mulher",Branca,41-45,Classe E - Renda mensal familiar até   R$ 1.254,"Mulher Cis (me identifico, em todos os aspectos, com o meu “gênero de nascença”.)",Heterossexual,Injúria (Cantadas e palavras ofensivas),Posto de saúde,31-40,Ginecologista ,Rio de Janeiro,Rio de Janeiro ,Não,
2/28/2020 11:55:08,"Sim, por um profissional da saúde homem",Branca,50+,Classe C - Renda mensal familiar até    R$ 8.640,"Mulher Cis (me identifico, em todos os aspectos, com o meu “gênero de nascença”.)",Heterossexual,Injúria (Cantadas e palavras ofensivas),Clínica particular,41-50,Gastroenterologista,Goiás,Ro Verde,Não,
12/16/2019 8:44:25,"Sim, por um profissional da saúde homem",Parda,46-50,Classe E - Renda mensal familiar até   R$ 1.254,"Mulher Cis (me identifico, em todos os aspectos, com o meu “gênero de nascença”.)",Heterossexual,Violação sexual mediante fraude (Tocar de maneira imprópria fazendo a paciente pensar que era parte do procedimento médico),Posto de saúde,41-50,Cardiilogia e cirurgião gastro,Tocantins,Paraíso do Tocantins,Não,
12/17/2019 15:19:36,"Sim, por um profissional da saúde homem",Negra,46-50,Classe A - Renda mensal familiar acima de R$11.261,"Mulher Cis (me identifico, em todos os aspectos, com o meu “gênero de nascença”.)",Heterossexual,Violação sexual mediante fraude (Tocar de maneira imprópria fazendo a paciente pensar que era parte do procedimento médico),Clínica particular,41-50,Clinico geral,São Paulo,Campinas,Não,
1/17/2020 14:58:01,"Sim, por um profissional da saúde homem",Branca,46-50,Classe A - Renda mensal familiar acima de R$11.261,"Mulher Cis (me identifico, em todos os aspectos, com o meu “gênero de nascença”.)",Heterossexual,Violação sexual mediante fraude (Tocar de maneira imprópria fazendo a paciente pensar que era parte do procedimento médico),Clínica particular,41-50,Mastologista,Pernambuco,Recife,Não,
1/28/2020 16:21:34,"Sim, por um profissional da saúde homem",Branca,46-50,Classe A - Renda mensal familiar acima de R$11.261,"Mulher Cis (me identifico, em todos os aspectos, com o meu “gênero de nascença”.)",Bissexual,Violação sexual mediante fraude (Tocar de maneira imprópria fazendo a paciente pensar que era parte do procedimento médico),espaco terapeutico de . TAntra,41-50,Terapeuta tantrico,São Paulo,Campinas,Não,
9/29/2020 14:12:58,"Sim, por um profissional da saúde homem",Parda,50+,Classe C - Renda mensal familiar até    R$ 8.640,"Mulher Cis (me identifico, em todos os aspectos, com o meu “gênero de nascença”.)",Heterossexual,"Importunação sexual (Beijos forçados e toques sem permissão), Violação sexual mediante fraude (Tocar de maneira imprópria fazendo a paciente pensar que era parte do procedimento médico)",Hospital particular,50+,Clinica Medica,São Paulo,Sao Paulo,Sim,"Não senti que o meu caso teve a devida atenção, Encontrei resistência por parte dos profissionais de atendimento para registrar a minha denúncia, Senti que os profissionais que me atenderam não tinham preparo técnico  para lidar com o meu caso, Tive que recorrer a Corregedoria da Policia Civil e a Ouvidoria do MP para fazer com que a Delegada atuasse no processo. Tive um pessimo atendimento na 4º DDM de SP"
12/22/2019 18:05:08,"Sim, por um profissional da saúde homem",Branca,50+,Classe A - Renda mensal familiar acima de R$11.261,"Mulher Cis (me identifico, em todos os aspectos, com o meu “gênero de nascença”.)",Heterossexual,"Importunação sexual (Beijos forçados e toques sem permissão), Violação sexual mediante fraude (Tocar de maneira imprópria fazendo a paciente pensar que era parte do procedimento médico)",Clínica particular,50+,Genicologista,São Paulo,Florianópolis,Sim,Positiva. Senti que os profissionais de atendimento deram a devida atenção ao meu caso
12/15/2019 21:31:44,"Sim, por um profissional da saúde homem",Branca,46-50,Classe A - Renda mensal familiar acima de R$11.261,"Mulher Cis (me identifico, em todos os aspectos, com o meu “gênero de nascença”.)",Heterossexual,Estupro de vulnerável (quando a vítima é menor de 14 anos ou esta sob efeito de medicação),Clínica particular,6-10,Psicólogo Psiquiatra ,Rio de Janeiro,Rio de Janeiro ,Não,
12/21/2019 16:03:35,"Sim, por um profissional da saúde homem",Negra,36-40,Classe C - Renda mensal familiar até    R$ 8.640,"Mulher Cis (me identifico, em todos os aspectos, com o meu “gênero de nascença”.)",Heterossexual,Estupro de vulnerável (quando a vítima é menor de 14 anos ou esta sob efeito de medicação),Hospital público,6-10,"Eu acho que era pediatra, mas não lembro.",Goiás,Goiânia,Não,
1/6/2020 13:31:21,"Sim, por um profissional da saúde homem",Branca,41-45,Classe C - Renda mensal familiar até    R$ 8.640,"Homem Cis (me identifico, em todos os aspectos, com o meu “gênero de nascença”.)",Heterossexual,Violação sexual mediante fraude (Tocar de maneira imprópria fazendo a paciente pensar que era parte do procedimento médico),Hospital público,6-10,Pediatra,São Paulo,rio claro,Não,